{"cameraMode":{"drawMode":0,"name":"Shaded","section":"Shading Mode"},"sceneLighting":true,"audioPlay":false,"sceneViewState":{"m_AlwaysRefresh":false,"showFog":true,"showSkybox":true,"showFlares":true,"showImageEffects":true,"showParticleSystems":true,"showVisualEffectGraphs":true,"m_FxEnabled":true},"in2DMode":false,"pivot":{"x":0.6241253614425659,"y":2.2058064937591554,"z":29.964197158813478},"rotation":{"x":-0.04348568990826607,"y":0.004791534971445799,"z":-0.0002085129963234067,"w":-0.999043345451355},"size":5.474882125854492,"orthographic":true}